{"ABC Unified": 1049181.2561403508, "Acalanes Union High": 2080056.9097859326, "Acton-Agua Dulce Unified": 918897.5487804879, "Alameda Unified": 1416642.9839357429, "Albany City Unified": 1495360.0, "Alhambra Unified": 1060110.1363636365, "Alvord Unified": 695746.7360406092, "Amador County Unified": 442579.5, "Anaheim Union High": 1003381.3593023255, "Anderson Union High": 487777.77777777775, "Anderson Valley Unified": 320000.0, "Antelope Valley Union High": 518901.62106313836, "Antioch Unified": 623256.9283276451, "Apple Valley Unified": 458087.1645997745, "Arcadia Unified": 2352593.187772926, "Aromas - San Juan Unified": 981940.0, "Atascadero Unified": 890127.7323420075, "Azusa Unified": 838554.2727272727, "Baldwin Park Unified": 729035.7264957265, "Banning Unified": 447897.50324675324, "Banta Unified": 842332.3255813953, "Barstow Unified": 285701.5140186916, "Bassett Unified": 764898.03125, "Bear Valley Unified": 591625.6826347306, "Beaumont Unified": 537317.5987341772, "Bellflower Unified": 869549.1428571428, "Benicia Unified": 867870.9545454546, "Berkeley Unified": 1748899.3937198068, "Beverly Hills Unified": 3891912.272727273, "Big Oak Flat-Groveland Unified": 524122.44444444444, "Biggs Unified": 322187.5, "Bishop Unified": 625000.0, "Black Oak Mine Unified": 1150000.0, "Bonita Unified": 1105989.48, "Bonsall Unified": 1172886.9719101123, "Borrego Springs Unified": 474960.20408163266, "Brawley Union High": 317857.14285714284, "Brea-Olinda Unified": 1242198.6153846155, "Bret Harte Union High": 584821.7391304348, "Burbank Unified": 1454697.555214724, "Cabrillo Unified": 1782896.09375, "Calaveras Unified": 599949.9, "Calexico Unified": 330000.0, "Calipatria Unified": 92000.0, "Calistoga Joint Unified": 600000.0, "Campbell Union High": 2227658.6450980394, "Capistrano Unified": 1958653.3332229059, "Carlsbad Unified": 1891640.1075268816, "Carmel Unified": 2633073.10880829, "Carpinteria Unified": 2329108.0714285714, "Caruthers Unified": 355000.0, "Castro Valley Unified": 1297998.141342756, "Center Joint Unified": 529771.5, "Centinela Valley Union High": 840285.0143884892, "Central Unified": 414854.06976744183, "Central Union High": 490300.0, "Ceres Unified": 443666.6666666667, "Chaffey Joint Union High": 846613.95849022, "Charter Oak Unified": 914832.7466666667, "Chawanakee Unified": 457139.97297297296, "Chico Unified": 565092.0607344633, "Chino Valley Unified": 991371.2181168058, "Chowchilla Union High": 402703.9866666667, "Claremont Unified": 1220995.5062240665, "Cloverdale Unified": 615000.0, "Clovis Unified": 637945.5549132949, "Coachella Valley Unified": 1187649.9599184338, "Coalinga-Huron Unified": 316604.347826087, "Coast Unified": 1262847.569105691, "Colton Joint Unified": 590005.2554347826, "Colusa Unified": 458475.0, "Compton Unified": 660960.5580110498, "Conejo Valley Unified": 1497533.9140686276, "Corcoran Joint Unified": 231485.7142857143, "Corning Union High": 354647.1525423729, "Corona-Norco Unified": 902639.4261857048, "Coronado Unified": 3226977.904761905, "Cotati-Rohnert Park Unified": 776777.6, "Covina-Valley Unified": 944755.2578125, "Culver City Unified": 1784576.4507042253, "Cutler-Orosi Joint Unified": 249800.0, "Cuyama Joint Unified": 268850.0, "Davis Joint Unified": 816836.75, "Death Valley Unified": 155000.0, "Del Norte County Unified": 2485000.0, "Delano Joint Union High": 343660.0, "Delhi Unified": 446583.3333333333, "Denair Unified": 751250.0, "Desert Center Unified": 112500.0, "Desert Sands Unified": 947921.7635016363, "Dinuba Unified": 407250.0, "Dixon Unified": 574180.0, "Dos Palos Oro Loma Joint Unified": 490625.0, "Downey Unified": 988243.7010676156, "Duarte Unified": 1035982.2260869566, "Dublin Unified": 1723512.2510121458, "Durham Unified": 616074.074074074, "East Nicolaus Joint Union High": 472000.0, "East Side Union High": 1566848.0982503365, "Eastern Sierra Unified": 810000.0, "El Dorado Union High": 703415.7894736842, "El Monte Union High": 901116.4233870967, "El Rancho Unified": 768115.6285714286, "El Segundo Unified": 2140355.8846153845, "El Tejon Unified": 387503.37313432834, "Elk Grove Unified": 552078.5679012346, "Emery Unified": 941000.0, "Escalon Unified": 590000.0, "Escondido Union High": 1053847.4237288137, "Esparto Unified": 485000.0, "Eureka City Schools": 615250.0, "Exeter Unified": 882500.0, "Fairfield-Suisun Unified": 597773.75, "Fallbrook Union High": 1047673.7108433734, "Farmersville Unified": 175666.66666666666, "Fillmore Unified": 814100.3883495146, "Firebaugh-Las Deltas Unified": 194666.66666666666, "Folsom-Cordova Unified": 779062.5, "Fontana Unified": 653873.6149162862, "Fort Bragg Unified": 685936.4523809524, "Fowler Unified": 378400.0, "Fremont Unified": 1940520.9229508196, "Fremont Union High": 3094637.2130177515, "Fresno Unified": 419218.20238095237, "Fullerton Joint Union High": 1177879.6464891303, "Galt Joint Union High": 758218.0, "Garden Grove Unified": 1114871.5049342106, "Gateway Unified": 304050.0, "Gilroy Unified": 1284714.0106382978, "Glendale Unified": 1636791.5319587628, "Glendora Unified": 1136371.1960784313, "Golden Plains Unified": 280250.0, "Golden Valley Unified": 613942.3076923077, "Gonzales Unified": 686666.6666666666, "Gridley Unified": 390550.0, "Grossmont Union High": 934938.1491867639, "Gustine Unified": 401857.14285714284, "Hacienda la Puente Unified": 953079.8770053476, "Hamilton Unified": 436000.0, "Hanford Joint Union High": 462589.36363636365, "Hayward Unified": 1050330.6599099098, "Healdsburg Unified": 675000.0, "Hemet Unified": 494637.18417266186, "Hesperia Unified": 489913.8296943231, "Hilmar Unified": 541527.6666666666, "Holtville Unified": 334950.0, "Hughson Unified": 564112.5, "Huntington Beach Union High": 1635736.7371847031, "Imperial Unified": 432333.3333333333, "Inglewood Unified": 1141027.8503937009, "Irvine Unified": 2316458.8412162163, "Jefferson Union High": 1347229.2307692308, "John Swett Unified": 666942.9824561403, "Julian Union High": 690708.524590164, "Jurupa Unified": 696509.5587583148, "Kelseyville Unified": 431761.6614173228, "Kerman Unified": 546122.7999999999, "Kern High": 428540.39689265535, "Kings Canyon Joint Unified": 382236.84210526315, "Kingsburg Joint Union High": 683500.0, "Konocti Unified": 273647.5974025974, "La Canada Unified": 2772032.088235294, "La Honda-Pescadero Unified": 998909.0909090909, "Laguna Beach Unified": 3132093.0873786407, "Lake Elsinore Unified": 663189.6020313943, "Lake Tahoe Unified": 812777.7777777778, "Lakeport Unified": 438241.5, "Lammersville Joint Unified": 966350.3076923077, "Las Virgenes Unified": 2062185.1778350514, "Lassen Union High": 442000.0, "Laytonville Unified": 493000.0, "Le Grand Union High": 330200.0, "Lemoore Union High": 394022.5806451613, "Liberty Union High": 821587.3653017242, "Lincoln Unified": 553230.0, "Linden Unified": 889500.0, "Live Oak Unified": 376225.0, "Livermore Valley Joint Unified": 1406311.3582608695, "Lodi Unified": 515942.10909090907, "Lompoc Unified": 641886.0465116279, "Long Beach Unified": 1100143.2624912034, "Los Alamitos Unified": 1722592.4892703863, "Los Angeles Unified": 1347517.9469718717, "Los Banos Unified": 480378.49523809523, "Los Gatos-Saratoga Union High": 3172703.964285714, "Los Molinos Unified": 343455.6818181818, "Lucerne Valley Unified": 300286.14285714284, "Lucia Mar Unified": 1140579.863232682, "Lynwood Unified": 675759.7014925373, "Madera Unified": 455753.51754385966, "Mammoth Unified": 1350000.0, "Manhattan Beach Unified": 3561208.881188119, "Manteca Unified": 636567.5208333334, "Maricopa Unified": 377103.3333333333, "Mariposa County Unified": 487706.3725490196, "Martinez Unified": 958669.4150943396, "Marysville Joint Unified": 424650.0, "Maxwell Unified": 328333.3333333333, "McFarland Unified": 315000.0, "Mendocino Unified": 1249752.0, "Merced Union High": 444768.8394955864, "Middletown Unified": 414293.4210526316, "Milpitas Unified": 1848707.4772727273, "Modesto City High": 469153.8842105263, "Mojave Unified": 294848.8240740741,